GUID;Titre;BODY;bouteille;taxo
510;GIGONDAS Tradition Rouge;"Cépages : prédominance de grenache, renforcé par la syrah, le mourvèdre et le cinsault.

Notes de dégustation : c'est un vin captivant, dense, bien équilibré et épicé avec beaucoup d'élégance dans la puissance. Grâce à un passage de 6 à 8 mois dans des foudres de chêne, une oxydation douce s'opère, augmentant de façon naturelle et harmonieuse la complexité aromatique de ce Gigondas.

Accords mets et vins : viandes rouges et particulièrement 
l'agneau, gibier, plats épicés, fromages. À servir idéalement entre 16° et 18°.
Peut se garder 10 à 15 ans.
";public://pictures/GIGONDAS.jpg;Rouge

502;IGP Côtes Pérignan Les Terres Salées rouge 2011;"Le Château Bouisset est la propriété de Christophe Barbier, situé sur le massif de La Clape à l’est de Narbonne, au bord de la Méditerranée.
Cette ancienne et historique zone viticole commença à produire du vin lorsque les Romains s’implantèrent il y a plus de deux milles ans. La Narbonnaise était alors la deuxième ville de l’Empire romain après Rome et la Clape était encore une île.
Cette cuvée Terres salées atypique par son encépagement est classé en Côtes de Pérignan.

Cépage : Merlot.

Dégustation : robe intense ornée de reflets rubis. Le nez très flatteur exalte les fruits noirs (mûre, cassis, myrtille) bien mûrs. Le toasté de la barrique apporte son lot de senteurs grillés et enivrantes. La bouche offre la même sensation de confort et de maturité portés par des tanins caressants et offrant une rondeur au palais irrésistible. La fin de bouche gourmande, persiste longuement.

Accommodement : s’accordera à merveille avec un gigot d’agneau rôti aux herbes (thym, laurier, etc), un filet mignon de porc, un canard aux olives, une côte de bœuf. Il fera également merveille sur des gibiers à poils (chevreuil, sanglier …).

Service et conservation : vous le dégusterez aujourd’hui vers 17°C et jusqu’en 2018.

Vendange : les raisins sont vendangés à maturité optimum, à la main, puis triés à la cave.

Vinification : pigeage (extraction mécanique de la couleur, des arômes et des tanins) des raisins durant 35 jours. Fermentation malolactique en barrique d’un vin puis élevage sur lie (particules fines qui vont nourrir le vin) jusqu’au printemps.
";public://pictures/IGP-Cotes-Perignan-Les-Terres-Salees-rouge-2011.jpg;Rouge

503;Soleil Liquide;"Castelmaure, frontera du Sud du temps où s’achevait ici le Royaume de France, c’est aussi ce que signifient les murs déchiquetés de la forteresse d’Aguilar toute proche – elle a depuis été promue « château cathare » – et les chicots de pierre de l’ancien château à l’abri duquel, s’établit vers 1070, le village de Castelmaure.
Dans les années 80, sous la houlette de Patrick de Marien, le président, et de Bernard Pueyo, le directeur, les 70 adhérents de la vieille coopé du village ont d’abord commencé à s'interroger sur leurs vignes : quels terroirs ? Quels cépages ? Enfin, pour plus de rigueur, l’ensemble des parcelles – 760 environ – a été inspecté et répertorié. Du coup, à Castelmaure, chaque parcelle est connue, suivie de façon individuelle par un technicien qui se consacre à plein temps à cette tâche.
Dans le souci permanent du respect de l’environnement et de la santé du consommateur, tous les raisins sont vendangés à la main, en petites comportes afin de préserver au mieux le fruit et ses arômes. La machine, à vendanger, monstre cyclopéen n'a pas sa place dans la Vallée du Paradis.
Côté Cave, l'équipe n'a pas hésité à s'entourer d'oenologues de renom, tels que Dominique Laurent, Michel Tardieu ou Marc Dubernet, avec un seul objectif : faire vivre cette terre précieuse au fond de chaque verre, de chaque bouteille griffée Castelmaure.
Plats conseillés
Salades : Salade tiède aux merguez 
Viande : Boeuf, veau,..., Viande grillée, grillades 
Gibier : Civet de sanglier, Cuissot de sanglier sauce venaison, Lièvre en civet, Magret d'oie, Perdreau rôti 
Cuisine Belge : Stoemp saucisse 
Cuisine Française : Cassoulet, Coq au vin.
";public://pictures/Soleil-liquide.jpg;Rouge

504;Bergerie de l'Hortus rouge;"Cette cuvée existe sur les trois couleurs rouge, blanc et rosé. Elle provient de parcelles situées en bas de pente pour les cépages rouges et de parcelles situées dans le fond de la vallée pour les blancs. Nous aurons dans les deux cas des expositions intermédiaires moins marquées que les parcelles de milieu de Côtes. Les maturités dans l’ensemble y sont plus tardives que celles rencontrées pour la cuvée Domaine de l’Hortus. Pour le rouge et le rosé, les sols formés sur des éboulis d’éclats calcaires sont moins profonds, plus proches de la roche mère. De fait, les vignes sont plus sensibles à la sécheresse estivale. Les maturités obtenues entraînent un travail en cave en finesse : macérations et élevages relativement courts. 
Terroir :
parcelles de bas de Côte. Sols bruns formés sur des éboulis d’éclats calcaires du crétacé. Pentes allant de 10 à 30% et des altitudes variant de 150 à 200 mètres.
Cépages :
60% Syrah, 20% Mourvèdre, 20% Grenache.
Rendement :
30 à 45 hl/ha pour des parcelles dont les densités varient de 4000 à 7150 pieds hectares.
Vinification : 
vendanges éraflées et foulées. Période de cuvaison de 10 à 30 jours suivant les cépages et les maturités rencontrées.
Elevage : 
élevage de 12 mois en cuve pour le grenache et la syrah. Le Mourvèdre est élevé dans des tonneaux de 2 vins.
";public://pictures/Bergerie-Hortus-rouge.png;Rouge

505;Pommard les noizons;"Appellation Village :
Il faut prendre garde aux idées toutes faites: la célébrité du Pommard au XIX ème siècle lui vaut l'image d'un vin insistant et viril. En réalité, les terroirs, les vinifications et l'âge nuancent ce portrait pour offrir un vin riche en sensibilité. Rouge profond, rubis pourpre foncé, sa robe aux lueurs mauves nous conduit sur des arômes de mûre, myrtille ou groseille. C'est un vin à laisser veillir afin qu'il s'ouvre pleinement. C'est un vin riche assurément.

Conseil du Sommelier :
Cet illustre vin de la Côte de Beaune se régale avec des viandes sauvages, car ses tanins sont massifs et denses. Gibiers à poils ou à plumes, braisés, ou rôtis trouveront dans le Pommard, et surtout sur les 1er Crus, un interlocuteur indispensable. Il apprécie naturellement la compagnie des fromages aux saveurs développées.

Température de service : 14 à 16° C

Terroirs :
C'est le type même du vin de Bourgogne depuis des siècles: rouge, coloré, bouqueté, ferme et royal. C'est le vin de référence depuis le Moyen- âge comme "le fleur des vins du Beaunois". Exposition au levant et au midi pour une altitude entre 250 et 330 mètres.

Cépage : Pinot noir
";public://pictures/Pommard-les-noizons.jpg;Rouge

506;Petit mars;"Petit Mars 750 ml
(Millésime: 2011, Contenance: 750 ml) 
Crée pour être une alternative à nos grands vins de garde, le Petit Mars se veut accessible et prêt à boire. Sa structure légère et fruitée en fait un compagnon idéal pour l'apéritif.
Robe soutenue aux reflets violines. Nez gourmand ouvert sur les fruits rouges, le cassis, ou encore la fraise des bois. En bouche,l’attaque est franche et mêle aux fruits, des notes de garrigue et quelques pointes épicées.Vin de plaisir tout en fraîcheur.
Il ira à merveille sur les fromages frais, les pates au légumes, la charcuterie.
";public://pictures/Petit mars.jpg;Rouge

507;CUVEE PAULISSON 2011;"Millésime : 2011 Encépagement : Syrah 70%, Carignan 30 % Nature du sol : Galets roulants 

Production : 45 hls/ha vendange manuelle égrappée. 

Un nez trés typé (caramel), une attaque en bouche soyeuse avec beaucoup de fruits (cassis, fraise), tanin semi-fondu avec une petite pointe d'acidité qui rend le vin trés vivant. 

Vin à rafraîchir légérement (17°).
 
A servir avec des grillades ou des viandes en sauce.
";public://pictures/Paul-Isson.jpg;Rouge

508;Nuits Saint Georges Les brulées;"Quelques mots sur l'appellation Nuits St Georges :
 
L'appellation Nuits Saint Goerges est l'appellation la plus méridionale de la Cote de Nuits. Exempte de Grands crus, elle recèle pourtant d'excellents 1er crus et Nuits Saint Georges génériques.  
Parmi les 1ers crus les plus connus, on retrouve les Cailles, les Perdrix, les Argillières, les Prûliers...
Nous avons souhaité mettre à l'honneur deux vins du domaine Gille : le Nuits Saint Georges "Les Brûlées" (2003) et le 1er cru "Aux Bousselots" (2005).
 
Le Domaine Gille : 
 
D´une superficie actuelle de 9,5 hectares, ce domaine se caractérise par des vignes très anciennes, certaines ayant près de 100 ans. Le sol est argilo-calcaire de type jurassique. Les rendements sont bas, ils restent inférieurs à 40 hl à l´hectare, gage de qualité pour un cépage tel que le pinot noir.
 
Les vendanges sont faites à la main. La cuvaison se déroule sans apport de levures étrangères pour laisser s'exprimer la typicité de chaque terroir. 
L'élevage des vins en fûts de chêne, dure de douze à vingt quatre mois.  
 
 
Les vins produits : 
 
Côte de Nuits : Bourgogne rouge, Bourgogne Aligoté, Côtes de Nuits Villages, Nuits Saint Georges, Nuits St georges 1er cru "Les Cailles", Nuits St Georges 1er cru "Les Bousselots", Vosne Romanée, Chambolle-Musigny 1er cru. 
La robe est rubis, d'intensité moyenne. Le nez révèle également des arômes de fruits rouges (framboise, cerise). 
La bouche est généreuse avec des tannins bien présents et encore un peu fermes. 
La longueur en bouche est très importante. 
Ce vin déjà plaisant se révèlera encore meilleur dans 3 ans et pourra se boire jusqu'en 2020 assurément.  
 
L'accord mets & Vins conseillé : 
 
 
Pour le Nuits Saint Georges "Les Brûlées" ; Un Boeuf Bourguignon 
Pour le Nuits Saint Georges 1er cru "Aux Bousselots" : Un lièvre à la royale
Temrature de service : 17° 
";public://pictures/Nuits Saint Georges Les brulees.jpg;Rouge

509;Meritum;"Appellation : AOP LA CLAPE
Millésime : 2010
Cépages : Grenache, Syrah et Mourvèdre
Potentiel de garde : 20 ans
Elevage : 12 mois en fût de chêne
Température de service : 14° et 16°
Suggestions / Accords Mets : Canard, gigot, fromages raffinés
Contenance : 0,75 cl
Vinification : Traditionnelle
Couleur : Rouge
";public://pictures/Meritum.jpg;Rouge

510;Les Mains sur les Hanches;"90% Grenache 10% Syrah

AOP Corbières

Servir à 14°. Accords mets & vins : très polyvalent, il ira avec des tapas, des viandes ou bien un gâteau au chocolat. 
Belle robe rubis, intense et brillante. Le nez est puissant et atypique, d’abord dominé par des notes de cacao, puis évoluant vers des parfums de muscade et de châtaigne. La bouche, dense et charnue, en attaque est pourvue d’une belle sucrosité, et dominée par des tanins très présents mais d’une grande finesse. Une belle acidité vient parachever le remarquable équilibre de ce vin à la fois long en bouche et élégant.

« Ce vin est le résultat d’un travail de couple. Nous avons voulu créer un vin qui soit à la fois féminin par sa finesse, son élégance et sa sensualité en bouche et masculin par sa puissance et sa virilité dans les tanins. Le grenache est le cépage qui se prêtait le mieux à cette expérience. »
";public://pictures/Les mains sur les hanches.jpg;Rouge

511;Les jardins du paradis;"Cave de Castelmaure "Le Jardin du Paradis", l'esprit du vent 2013. En quelques mots, on vous décrit cette cuvée : la robe est cerise vive et brillante. Un bouquet explosif, intense de fruits frais, au plus près du raisin et de ses fruits rouges. La bouche est ample et généreuse, fraîche, bâtie autour d'une explosion permanente de fruits rouges, agrémentée de quelques notes d'agrumes.
à servir entre 14-16°c. 
un vin jeune destiné à être bu sur le fruit, sûrement très agréable dans un ou deux ans mais il n'en restera plus. 
le parfait vin de comptoir, idéal pour des apéritifs accompagnés de quelques tapas occitans. 

épage : 80% de Grenache, 10% de Carignan et 10% de Cinsault. 
Terroir : 1/2 Schistes, 1/2 Calcaires 
Viticulture : dans le respect du terroir et du raisin. 
Vendange : avec beaucoup d'amour. 
Vinification : Grenache Noir, Cinsault, égrappés, macération préfermentaire à froid, Carignan macération carbonique pressurage pneumatique et fin de fermentation à 20°.Suivi de deux soutirages. 
Elevage : exclusivement en cuve, pas de collage et une légère filtration. 
";public://pictures/Les jardins du paradis.jpg;Rouge

512;Languedoc Les Clés du Château Saint-Martin;"
Millésime :
2012
Couleur :
Rouge
Familles d'arômes :
Epicé, fruits noirs
Température de service :
16-17 °C
Typicité :
Grand vin rouge
Type de culture :
Le vignoble est conduit en culture raisonnée
Rendement :
45 HL / ha
Note de dégustation :
15/20
Alcool :
13% vol
Cépage(s) :
Grenache noir, Syrah
";public://pictures/Les cles du chateau.jpg;Rouge

513;Saint Joseph Les 85 Rangs;"Appellation : AOC Saint Joseph
Millésime : 2012 
Région : Vallée du Rhône 
Cépage : 50% Roussanne - 50% Marsanne 
Producteur : Domaine de Pierre Blanche - Xavier Mourier 
Couleur : Blanc 
Structure : Un vin frais et long en bouche avec un bouquet d'acacia et de miel. 
Servir à température : 8° - 10° 
Accords mets/vins : Apéritif, poissons d'eau douce, viandes blanches. 
Contenance : 75 cl 
";public://pictures/Les 85 Rangs.jpg;Rouge

514;Château Haut-Gléon Le Petit Gléon;"Domaine : Château Haut-Gléon Languedoc Appellation : Corbières 
Vin rouge - AOC - Cépages : Carignan, Grenache noir, Syrah 
Présentation du vin
Le Petit Gléon, AOC Corbières, se distingue déjà avec son étiquette ludique, présentant un personnage-enfant de bande dessinée.
Provenant d’un terroir argilo-calcaire, la cuvée du château Haut-Gléon mêle grenache noir, carignan vieilles vignes et syrah. L’exposition au nord apporte une maturité physiologique des baies qui confèrent une intense fraîcheur et une grande finesse des tannins. L’élevage se fait ensuite en cuves avec un contrôle des températures.
Vin considéré comme « amical », il a une vocation de convivialité et de plaisir. Le nez s’ouvre sur d’expressifs arômes de fruits rouges, tandis que la bouche offre de la matière, du fruit et de la fraîcheur. Les tannins souples et élégants s’harmonisent avec les viandes rouges de goût, telles le mouton, le pigeon, l’autruche et le mouton. Un vin qui se boit jeune, et peut se conserver environ 4 ans.
";public://pictures/Le petit gleon.jpg;Rouge

515;Lauzina Vin Rouge;"Lauzina désigne les chênes verts qui s’étendent à perte de vue sur nos coteaux de grès. Nos ceps de Syrah et Grenache sont profondément enracinés dans ce splendide terroir vallonné. Cette cuvée, pleine de caractère, en révèle une partie du mystère…
Appellation AOP Corbières Rouge.
Assemblage 70% Syrah, 30% Grenache. Rendements 30 hl/ha.
Terroir Coteaux caillouteux de grès calcareux micacés et de grès ferrugineux du Santonien.
Vignes Conduite en cordon de Royat. Récolte manuelle en cagette et tri soigné.
Vinification Égrappage de la vendange encuvée de façon gravitaire. Travail doux par pigeage manuel. Macération entre 15 à 21 j toujours en fonction de la dégustation.
Elevage La moitié de la cuvée est élevée pendant 12 mois en fûts de chêne de 225l (origine Allier) et 400 l (origine Vosges).
Dégustation Robe grenat profond. Un bouquet ample et épanoui composé de notes de fruits noirs et d’épices. La bouche charnue et ciselée signe l’élégance de cette cuvée.
Garde 5 ans à 10 ans.
Notre accord préféré Gigot d’agneau cathare boulangère servi sous son brin de Romarin.
";public://pictures/Lauzina.jpg;Rouge

516;La vieille écluse;"Millésime : 2011 

Dégustation : Robe rubis profond. Le nez s’ouvre sur des arômes de fraise et de framboise, la bouche se révèle souple et fraîche adossée à des tannins soyeux et à un bon fruit. 

Accords mets & vins: Parfait avec des aiguillettes  ou du confit de canard.
";public://pictures/La vieille ecluse.jpg;Rouge

517;La touge;"La Touge 2011 is a blend of 85% Syrah and 15% Grenache grown on hard and soft limestone and alluvial soils. vinification happens in a mix of concrete and conical oak foudre and it is aged for 12 months in 30% new oak and the rest in two and three years barrels. Like all our wines, it is bottled unfined and unfiltered and is thus suitable for vegetarians and vegans. The nose is ripe black fruits (blackcurrants, elderberries) notes alongside more spicy characteristics (pepper, herbs). The palate is very attractive with firm yet silky tannins. Aromatic, spicy with a fabulously generous weight.
The Vintage
Rain was plentiful at the start of the year with more than 200mm in December and a further 70mm in January. The humid soils took a while to warm and spring growth started a little later than in previous years.
Harvest began on the 8th September with the Syrah the first to be ready.
Patience was the name of the game for both the fermentation and maceration and we had to take care not to rack the wines too early. In the end we had some lovely black-fruited carignan with ripe, concentrated tannins, superb grenache with generosity and texture and some bright, aromatic syrah.
The Soils
Dark brown and red coloured soils.
The grapes for this wine come from vineyards planted on hard and soft limestone and alluvial soils. The texture is balanced and is light at the top, becoming increasingly heavy the deeper you go. The vertical clay migration reduces the carbon levels.
The Varieties
85% syrah, 15% grenache.
The Wine
Vinification : Vinified in oak and cement. Extraction from punching of the cap and light pumping over during a four week maceration.
Ageing : 30% in new oak barrel and 70% in old oak for 12 months.
Tasting Note :
Appearance : Very deep and even red and garnet appearance with hints of deep purple.
Nose : Open and expressive with great complexity. There are ripe black fruits (blackcurrants, elderberries) alongside more spicy characteristics (pepper, herbs)
Palate : Very attractive in the mouth with firm yet silky tannins. Aromatic, spicy with a fabulously generous weight. The finish is long and delicate.
";;Rouge

518;La réserve de Jeanne;"Philosophie de ce vin :
La gamme de produit « Château Ventenac » est dédiée à nos vins AOC. Dès lors, à la différence de la gamme « Domaine Ventenac » où le respect de la typicité du cépage est la ligne directrice de l’élaboration des vins, nous tentons de révéler notre terroir dans cette gamme. Ils sont donc vinifiés dans cet esprit : respect de la typicité de l’AOC. L’assemblage contient nécessairement 40% de cépages atlantiques et 40% de cépages méditerranéens, mais varie selon les millésimes. Le Château Ventenac « Réserve » est l’expression fraîche de ce terroir, présentant des arômes de fruits rouges intenses relevés par des senteurs épicées.
 
Cépages : Cabernet Franc (30%), Merlot (30%), Syrah (35%), Grenache (5%)
Parcelles : Calcaires et Argilo-calcaires - « Calbet le Haut », « La Grande Garenne », «Le four à chaux», « Les plots » - Densité : 6500 pieds / Ha
Vendange : Rendements : 50 Hl / ha - Triée - Foulée entièrement
Vinification : Cuves inox 300 Hl - Pré-fermentaire à froid pendant 5 jours à 6°C - Levurage - Fermentation à 28°C - Remontages quotidiens - Durée de cuvaison : 35 jours -Fermentation Malo lactique - Soutirage - Filtration
Elevage : 10% de l’assemblage : 12 mois en barriques - Américaines de 225L - 90% de l’assemblage : 12 mois en cuves ciment avec micro oxygénation
";public://pictures/La reserve de Jeanne.png;Rouge

519;Numéro Trois;"Ce vin est un symbole, le symbole du renouveau, d'un Languedoc décomplexé qui n'hésite pas à se lancer des défis, à se donner les moyens de réaliser ses rêves. Née au milieu des années 90, la Cuvée n°3 symbolise bien cette vocation de Castelmaure à fédérer les énergies, les envies. Écolo mais moderne, La Cuvée N° 3 Castelmaure est le premier vin à avoir profité, durant son élevage, du cooling, une méthode de climatisation naturelle, révolutionnaire, qui en a fait une fraîche enfant d’aujourd’hui.
Terroir : ½ schistes, ½ calcaires
Cépages : carignan 25%, grenache noir 35%, syrah 40%
Vinification : macération préfermentaire à froid, vinification courte à basse température. Elevage en barriques 14 mois sur lies, mis en bouteille sans collage ni filtration.
Conservation : vin déjà élevé, peut se consommer en l’état ou supporter un vieillissement de 7 à 10 ans.
Dégustation : nez marqué par l'élévage avec essentiellement de la réglisse et du zan. Avec l'aération, se développent des aromes de café, de fruit noir (cassis) et floraux (violette discréte). En bouche, attaque franche avec une certaine fraicheur, les tanins sont fondus et la longueur moyenne. On retrouve des fruits noirs (cassis et mure), de la réglisse, du café, et une finale sur le thym. 
Conseils des Vignerons : Servir à 16° - décanter avec aération 4 heures avant le service, pourquoi pas sur un vrai lièvre à la royale…
";public://pictures/numero_trois.jpg;Rouge

520;La grande cuvée;"Castelmaure - La Grande Cuvée
AOP CORBIERE
Ce vin est brillant, une robe intense, aux reflets violacés, un nez friand, de petits fruits noirs agrémentés d’une touche grillée et torréfié. Bouche puissante, ample et dense à la fois. La longueur est au rendez vous. Délicieux jeune, il serait judicieux de le mettre en cave pour 5 ans au moins.


Pour la technique…
Couleur : rouge
Millésime : -
Cépages : grenache noir de 20 ans 45%, syrah de 20 ans 45%, carignan de 40 ans 10%
Sol : ½ schistes, ½ calcaires
Vinification : grenache noir, syrah et carignan égrappés, pressurage pneumatique et fin de fermentation à 25°.
Traitements : 2 soutirages, élevage en cuve puis en barriques bordelaises de 220 litres pendant 10 à 12 mois, collage et filtration légers.
Conservation : Vin déjà élevé, peut se consommer en l’état ou supporter un vieillissement de 7 à 10 ans.
Température et alliance : 16° - sans décantation  -  magret de canard grillé, côte de bœuf ou bécasse flambée.
";public://pictures/La grande cuvee.jpg;Rouge

521;La Chapelle;"Ce n'est pas pour rien que nous avons dessiné sur sa bouteille la carte de notre village; la gamme des "petits" corbières se veut le reflet le plus simple et le plus exact du terroir, de ce que pourraient d'être d'excellents corbières accessibles au plus grand nombre, fruités, francs et sincères, généreux mais sans lourdeur. Ce rouge 2010 se drape d'une robe incarnat, intense et lumineuse. Croquant comme les grains de raisin au matin des vendanges, il nous régale de ses arômes de fruits mûrs, de fraise et de cassis. Un jus plein et tendre.
Il ne faut pas oublier non plus de goûter la Vieille Réserve, un vin plus évolué, idéal à table, les frétillants blanc paysan et rosé agricole ainsi que Le Cubi AOP de 5 ou 10 litres. 
Couleur : rouge
Cépages : carignan 50%, grenache noir 30%, syrah 15%, Cinsaut 5%
Sol : ½ schistes, ½ calcaires
Vinification : grenache noir égrappé, autres cépages macération carbonique, pressurage pneumatique et fins de fermentation à 25°.
Traitements : 2 soutirages, collage, filtration.
Conservation : vin à boire jeune à conserver 2 à 4 ans.
Habillage : bordelaise tradition feuille morte, bouchon naturel, carton de 6 bouteilles personnalisé.
Température et Alliance : 16° - cassoulet de Castelnaudary, quasi de veau aux cèpes de schistes, bœuf grillé…
Couleur : rosé
Cépages : syrah 50%, grenache 40%, cinsault 10%
Sol : ½ schistes, ½ calcaires
Vinification : macération pelliculaire, sélection des jus de presse, débourbage par le froid, vinification entre 15 et 17°
Dégustation : étonnante et belle couleur rose pâle, arômes tendres de fruits des bois, bouche aimable et désaltérante, idéal pour les soifs d'été.
Température et Alliance : 8° - parfait sur une sardinade de Port-la-Nouvelle ou sur des chipirons.
";public://pictures/La Chapelle.jpg;Rouge

522;TERRES PRECIEUSES - DOMAINE DE BELLEVUE - L'INATTENDUE;" « Terres Précieuses », est une aventure commune à des vignerons qui ont choisi d’adhérer collectivement à un mode coopératif, au service d’une entreprise moderne qu’incarne Val d’Orbieu. 

Cette nouvelle gamme de Domaines et Châteaux a su respecter l’histoire individuelle de chaque vigneron, attaché à leur indépendance, ayant une envie commune d’exprimer l’originalité, la modernité et le partage de valeurs coopératives pour donner du sens à leur engagement. 

Terres Précieuses invite donc à la découverte d’un nouveau monde pour des vins de personnalités et uniques symbolisant la quintessence des valeurs et du savoir-faire du groupe Val d’Orbieu, le tout orchestré en finesse dans un univers plus contemporain. 
Fiche technique du vins :
Appellation : AOC Corbières 
Cépage : Carignan , Syrah 
Description : Dégustée à l’aveugle, nous avons baptisé cette cuvée l’Inattendue en raison de l’agréable étonnement qu’elle a suscité.
Potentiel de garde : 1 à 3 ans 
Notes de dégustation :
Jolie robe d’un rouge grenat limpide. Le nez est puissant, réglissé et épicé avec des notes de fruits noirs et cassis et mûre sauvages. La bouche confirme: des tanins bien fondus et élégants, une rondeur et une amplitude remarquables. 

Dégustée à l’aveugle, nous avons baptisé cette cuvée l’Inattendue en raison de l’agréable étonnement qu’elle a suscité. 
";public://pictures/L innatendue.png;Rouge

523;Château d'Assas; AOP Languedoc Grès de Montpellier.jpg;;
Gres de Montpellier.jpg;Rouge

524;Domaine de l'Hortus "Grande Cuvée" rouge;"Cette cuvée existe sur les deux couleurs rouge et blanc, elle provient des plus beaux terroirs de la propriété, ceux dont la gestion de l'eau est la plus saine. Il s'agît de parcelles qui ont la plus belle exposition climatique et dont les sols sont tout à la fois drainants et dont la profondeur permet la constitution d’une réserve en eau suffisamment importante pour que la plante ne souffre pas de la sécheresse estivale. Cela se traduit par l'obtention d’une maturité très homogène dont les baies offrent un excellent équilibre entre qualité des tanins, acidité et arômes. Cet équilibre permet un travail plus poussé sur le raisin (macération longue) et sur le vin (élevage long en fûts).
Terroir :
parcelles de milieu de Côte. Sols bruns formés sur des éboulis d’éclats calcaires du crétacé. Pentes allant de 10 à 30% et des altitudes variant de 150 à 300 mètres.
Cépages :
60% Syrah, 35% Mourvèdre, 5% Grenache.
Rendement :
25 à 35 hl/ha pour des parcelles dont les densités varient de 4000 à 7150 pieds hectares.
Vinification : 
vendanges éraflées et foulées. Une période de cuvaison 25 à 30 jours.
Elevage : 
élevage de 6 mois en cuve avant un pré-assemblage qui sera ensuite élevé 12 mois en tonneaux de 225 et 400 litres. Tonneaux neufs, d'un vin et de 2 vins.
Un vignoble au coeur du Pic Saint Loup,
au coeur de la garrigue et dans le coeur des hommes
";public://pictures/grande cuvee.jpg;Rouge

525;Deo Gratias;;Rouge

526;Cuvée prestige;"
Cépages :
40% Carignan, 40% Grenache noir, 20% Syrah

Vinification :
Macération carbonique pour le Carignan et la Syrah,
Egrappage traditionnel pour le Grenache, 
Cuvaisons longues, cépages séparés

Dégustation :
Robe rouge intense, nez de fruits noirs. Bouche ronde et ample, au parfum de cassis et mûre écrasés. Les tanins sont encore présents en finale.

Gastronomie :
Ce Fitou pourra accompagner les pièces de viande rôties ou des mets de caractère, magret de canard ou gigot d’agneau.
";public://pictures/Cuvee prestige.png;Rouge

527;Comme à Cayenne;"TYPE: Saint-Chinian 2011
COULEUR: Vin rouge, degré alcool 14%
CONDITIONNEMENT: Bourgogne domaine, caisse de 6 debout, bouteilles 75cl.
ORIGINE: France, Languedoc, Nord de Béziers, Roquebrun.
CEPAGE: 15% Carignan | 85% Grenache
SUPERFICIE: 2ha 30.
TERROIR: Climat méditerranéen, vignoble adossé au contrefort du Massif Central. Sols de schiste dur marron, typique de la future appellation Roquebrun. Plateau à 150m.
CONDUITE DE LA VIGNE: Carignan et Grenache en Gobelet. Plantation “très pan et quar” 1.635 au carré pour le grenache et 1.40/1.80 pour les Carignan “à la provençale”. Conduite raisonnée de la vigne en fonction du millésime.
PRODUCTION: 11 800 cols.
MODE DE VINIFICATION: Vendanges manuelles, tris à la parcelle exempte de botrytis. Raisins égrappés, partiellement foulés, mise sous CO² de l’atmosphère de la cuve. Grenache et Carignan assemblés à la cuve en raisin. La cuve est saignée, la saignée est débourbé à froid grossièrement et réincorporé sur les fruits.
La cuve est saignée, la saignée est débourbé à froid grossièrement et réincorporé sur les fruits. La cuve est pigé de façon continue jusqu’au départ de la fermentation. La fermentation se fera sans levure exogène entre 18 et 25°c pour privilégier la “fermentation aromatique” cf. Jules Chauvet. La cuvaison ne dure que le temps de la fermentation. Fin de sucre le vin est soutiré et placé en cuve pleine.
ELEVAGE: Sur lies en cuve pleine avec batonnage, malo-lactique sur lie. Elevage sur lies. Sulfitage fin d’élevage. Mis en bouteille en Août.
DIVERS: La Cuvée se nomme “Comme a Cayenne” car la parcelle de Grenache et Carignan a été si dure à planter que la mère de Michel il y a 50 ans disait aller à Cayenne pour travailler.
";public://pictures/Comme a Cayenne.jpg;Rouge

528;Clos des Truffiers;"Robe rouge rubis intense. Le nez associe des arômes de framboise noire, liqueur de mûre, minéraux, violette et café expresso à des notes boisées envoûtantes.
Ce vin velouté, enveloppant et voluptueux, se répand en bouche et tapisse les coins les plus difficiles à atteindre du palais. 

CÉPAGES : 95 % Syrah, 5 % Grenache.


Le Château de la Négly est situé en Languedoc à 20 km de Narbonne au coeur du massif de la Clape, dans l’appellation d’origine protégée.
C'est dans ce lieu magique entre terre et mer qu'est élaboré un des fleurons du Languedoc. Idéalement situé sur le versant sud de la Clape, ce qui permet d'élaborer des vins d'une exceptionnelle qualité. 
Bastien Paux-Rosset, responsable de la culture, exploite ces vignobles ré-encépagés qui s’étendent sur 75 hectares
";public://pictures/Clos des Truffiers.jpg;Rouge

529;Champs Rouge 2012;"Des arômes de mûre, de cassis et de myrtille. Rehaussés de notes de réglisse, de violette et de fines herbes de la garrigue. Bien structuré et ferme en bouche, avec des tanins robustes, un fruité méditerranéen affirmé et une acidité gouleyante. Un vin de table de caractère. 


L’accord parfait: cassoulet et autres plats mijotés, viande grillée, pâtes.
";Champs rouge.jpg;Rouge

530;C'est toujours la 1ere fois;"Description rapide
Un chardonnay-viognier, né sur les hauteurs de Limoux, vinifié en demi-muids sur lies, "se respire comme la forêt alentour : c'est frais, végétal et aérien avec des notes de chair de pamplemousse, d'abricot tendre. Plus puissant en bouche, il s'affirme minéral et salin", Terre de Vins, mars 2013, Coup de coeur. 
Informations complémentaires
Appellation
Vin de France
Millésime
2013
Cépages
Chardonnay, viognier
Potentiel de garde
3 à 5 ans
Elevage
Non
Mode de culture
Vignoble en conversion bio
Température de service
12°C
Carafage conseillé
Non
Revues et Concours
Terre de Vins, mars 2013, les Coups de coeur
Contenance
75cl
Degré alc.
13% vol.
Suggestions / Accords Mets / vin
Avec des saint-jacques au beurre citronné.
";public://pictures/c est toujours la 1ere fois.jpg;Blanc

531;Domaine de Baron'Arques Limoux La Capitelle, 20098;"G&M : 16/20 

Nez : Fruité, Boisé, Floral

Bouche : Rouge velouté, charnu

Garde : Plus de 8 ans

Cuvée : La Capitelle 
";public://pictures/Capitelle.jpg;Rouge

532;Ausines 2012;"Des arômes envoûtants de mûre et de cassis. Rehaussés de notes de réglisse, de menthe et de chocolat noir. En bouche, il se présente très équilibré et d’une structure complexe. Une balance parfaite entre des composants frais et mûrs. 

Des tanins nobles, légers et une acidité rectifiée caractérisent cet excellent vin de La Clape. 


L’accord parfait: plats de viande classiques (bœuf et agneau), gibier, fromages au lait cru à pâte dure. 


Récompenses: médaille de bronze du concours général agricole de Paris
";public://pictures/Ausines.jpg;Rouge

533;AOC Minervois - AOC Minervois Rouge - 2013;"Terroir : Sol argilo-calcaire, exposition plein sud, altitude 300 m.

Cépages : Carignan (30 %), Syrah (35%), Grenache (35%).

Vinification : Assemblage de macération carbonique, vinification traditionnelle, élevage de 12 mois en cuve.

Dégustation : Robe rouge grenat vif, arômes de fruits rouges et d'épices, vin souple et équilibré en bouche.

Suggestions culinaires : Convient sur les viandes rouges, les fromages et la charcuterie.

Conseils de consommation : Apogée 2016. 
A consommer à une température de 16-18°C.
";public://pictures/AOC Minervois.gif;Rouge

534;Espérance;"Quoi ? Nom de la cuvée : Espérance Appellation : AOC/AOP Languedoc  ‘‘Pic Saint Loup’’  France.             Nom du domaine : Château de Valflaunès. Catégorie : Rouge.  
Comment ? Cépages : Syrah 60%, Mourvèdre 30%, Carignan 10%. Type de Sol: Argilo-calcaire. Age des vignes : 14 à 43 ans. Rendement: 30 hl/ha. Vendange : Manuelle. Vinification : Type bourguignonne. Extraction à froid par pigeage. Cuvaison : 15 jours. Elevage : 10-12 mois en cuve.  
Combien ? Production annuelle moyenne : 25 000 bouteilles. Degré Alcoolique : 14 % Conditionnement : Bouteille de 0.75 L et magnum 1.5 L.  Potentiel de Garde : Plénitude 3 à 7 ans. Dégustation : Servir à 16°C.  
";public://pictures/Esperance.png;Rouge

535;CHÂTEAU LA SAUVAGEONNE;"DESCRIPTION Le Chteau la Sauvageonne est un site de lgende. Son exposition, son emplacement et son terroir exceptionnels lui confrent un caractre unique. Cette Cuve Grand Vin puise son origine dans la rencontre entre un terroir d?exception, des cpages originaux et le savoir faire du vigneron.
Les parcelles sont situes au centre nord de l?Hrault, adosses aux reliefs du Causse du Larzac. Cette zone climatique connat des grandes amplitudes thermiques : l?loignement de la mer et la proximit du Causse apportent une certaine fracheur durant les nuits estivales qui est bnfique  une maturation lente et progressive des baies.
NOTES DE DEGUSTATION La robe est dotée d’une belle couleur dorée. Le nez est très complexe et extrêmement parfumé révélant des arômes d’aubépine, d’amande et des notes florales de violette et de fruits jaunes (mangue et abricot). Le côté boisé de cette cuvée est très délicat avec des notes de pain d’épice et de tabac. La bouche est riche et onctueuse avec beaucoup de gras, d’amplitude et une belle fraîcheur.  
VINIFICATION ET ELEVAGE La récolte est manuelle et les différents cépages sont vendangés séparément afin d’arriver à l’optimum de maturité pour chacun. Les vinifications sont réalisées de façon à respecter les caractéristiques propres des cépages et les capacités des terroirs. Les raisins sont égrappés et refroidis à 8°C. Ils sont tout de suite pressurés de façon délicate afin d’ extraire les meilleurs jus. Les jus sont ensuite débourbés à froid pendant une durée plus ou moins longue selon le profil aromatique recherché. Les fermentations sont réalisées à températures contrôlées et durent entre 2 semaines et 1 mois suivant le degré de clarification. A mi-fermentation, une partie des moûts est entonnée en barriques de 225l pendant 6 mois. Le vin est alors élevé sur lies fines avec des bâtonnages réguliers. Après un léger collage, la mise en bouteille a lieu assez précocement afin de préserver le caractère frais et fruité des vins.

ACCORD MET ET VIN  A déguster en apéritif ou avec des poissons grillés et des crustacés.
";public://pictures/CHATEAU LA SAUVAGEONNEblanc.jpg;Blanc

536;RÉSERVE SPÉCIALE VIOGNIER;"DESCRIPTION Gérard Bertrand, passionné par l’Art de Vivre Méditerranéen et spécialiste des vins premium du Sud de la France, révèle dans la gamme Réserve Spéciale l’expression élégante, fruitée et généreuse des meilleurs terroirs de la région.   Les terroirs exceptionnels du Languedoc, marqués par un ensoleillement optimal et une faible pluviométrie, dévoilent toute la complexité des cépages emblématiques du Sud de la France, permettant ainsi la création de vins de grande qualité.
NOTES DE DEGUSTATION Le Viognier est connu pour sa délicatesse et sa texture en bouche, tout en onctuosité. Il convient à merveille aux terroirs les plus frais du Pays d’Oc, sur les collines sauvages. Il exprime des notes complexes de pêche, de poire, de fruits tropicaux mais aussi de fleurs blanches. Frais et fruité, ce 100 % Viognier révèle au nez et au palais des notes de chèvrefeuille, de poire mûre mais également de pêche, de fleur d’oranger et d'agrume.
VINIFICATION ET ELEVAGE Les rendements au vignoble sont limités pour concentrer le potentiel aromatique du vin. Le Viognier est un cépage qui exige d’être récolté à maturité afin d’exprimer sa plénitude et toute sa gamme aromatique. Les raisins sont directement pressurés à leur arrivée au chai puis mis en cuves inox thermo-régulées. Après un débourbage statique à froid, la fermentation alcoolique est réalisée à basse température pour préserver les arômes fruités. Afin de préserver la fraîcheur du vin, la fermentation malolactique n’est pas réalisée.
* ACCORD MET ET VIN * A déguster à 8-10°C avec des crustacés, des poissons, des volailles ou des plats asiatiques.
";public://pictures/RESERVE SPECIALE VIOGNIER.jpg;Blanc

537;LA CUVEE MYTHIQUE;"Nés de la volonté d’un groupe de vignerons du Sud de la France de traduire l’incroyable diversité de leurs terroirs dont ils sont si fiers, les Vignerons de la Méditerranée produisent depuis presque 40 ans des vins qui représentent la richesse du Languedoc. La Cuvée Mythique en est le fer de lance. 

Fiche technique du vins :
Type : Vin
Couleur : Rouge
Appellation : IGP Pays d’Oc
Marque : Mythique
Cépage : Carignan , Grenache noir , Syrah
Contenant : 37,5 , 75 cl , 1,5L
Description :
La chouette comme symbole, embléme de Minerve, déesse qui a appris aux hommes à dompter la nature.
Style du vin : Vin Méditerranéen moderne, aux arômes de fruits mûrs et notes boisées délicates et fondues.
Température de service : 16°-18°C
Potentiel de garde : +3 ans
Notes de dégustation :
Cuvée Mythique est caractérisée par une couleur rouge profonde et une belle concentration. Ce millésime est chaleureux et puissant offrant des arômes de fruits mûrs et des notes épicées et poivrées laissant place à un bouquet final de senteur de Garrigue. 

En bouche, Cuvée Mythique est un vin soyeux, concentré et sapide. Les notes boisées révèlent une belle harmonie de vanille douces et de Mocha. 
Accompagnement : Cette cuvée accompagnera à merveille un filet de bœuf au thym, un magret de canard grillé, des côtelettes d'agneau ou un plateau de fromage.
Données utiles :
Récompenses :
IGP Ambassador au concours IGP OC 2013 pour le millésime 2011
";public://pictures/La cuvee Mythique rouge.png;Rouge

538;CHARDONNAY bouisset;"Ce vin de robe jaune pale aux reflets verts, au nez floral très intense avec des notes de citronnelle, mangue, pamplemousse... est très équilibré et ferme en bouche, avec une attaque vive, fraîche, élégante et sur un final plutôt épices douces. Un vin remarquable, inimitable et typique du domaine.
  Appellation : VIN DE FRANCE 
  Millésime : 2012 
  Cépages : 100% Chardonnay 
  Elevage : En cuve durant 6 mois 
  Température de service : 10° 
  Suggestions / Accords Mets : Apéritif, poissons, viandes blanches, fromage... 
  Contenance : 0,75 cl 
  Age des Vignes : 10 à 30 ans 
  Sols : Argilo-calcaire, plateau face à la mer. 
  Vinification : Les raisins sont vendangés à la maturité optimum. Vinification traditionnelle thermo-régulée 
  Couleur : Blanc
";public://pictures/CHARDONNAY bouisset.jpg;Blanc

539;Montmarin Chardonnay;"Notes de dégustation
Élégante robe jaune or, qui mêlent des notes florales et beurrées accompagnées de senteur vanillée issues d’un court élevage en fût de chêne. La bouche ronde dévoile des arômes d’abricots secs.
Cépages
Chardonnay 100% 
Conditionnement
Bourgogne tradition – 75cl – bouchon ou vis
Accords
Séduisant comme apéritif, il embellira vos poissons grillés ou en sauce et fromages secs. 
";public://pictures/Montmarin.jpg;Blanc

540;Collioure Blanc 2012;"Terroir Le Vignoble du cru Collioure est situé à l’extrême sud de la France au point de rencontre entre Pyrénées et Méditerranée. L’appellation Collioure Blanc est principalement élaborée à partir de vieilles vignes de Grenache Gris. Issue d’une sélection de Grenache Gris provenant des premiers coteaux, elle s’exprime sur un bel équilibre entre fraîcheur et structure avec des notes minérales très présentes.
Cépages Grenache gris ........................60 % Grenache blanc .......................30 % Roussanne, Marsanne, Vermentino. . . . . . . ..10 % Rendement moyen à l’hectare ...........35 hl Vinification Vendange manuelles. Tri à la parcelle et sur table de réception. Pressurage en grappes entières sur le grenache gris. Macération pelliculaire pour le vermentino. Débourbage à froid. Fermentation des 2/3 de la récolte en 1/2 muids de chêne neufs et de 1 vin pendant 30 jours. Élevage Conservation sur lies fines dans les mêmes pièces de bois parfaitement ouillées, batonnage jusqu’en décembre 2012. Mise en bouteilles en Mars 2013. Dégustation Robe . . . . . . . . . . . . .Jaune or pâle très brillante. Nez ..............Nez tout en finesse et subtilité, notes  . . . . . . . . . . . . . . . . . .fleuries très intenses avec des arômes de   . . . . . . . . . . . . . . . . . .fruits exotiques, de poire légèrement vanillé. Bouche ...........Bouche vive avec une longue finale sur le   . . . . . . . . . . . . . . . . . .pain grillé et la garrigue. 
Alliances Gastronomiques Ce vin racé, frais et minéral accompagne pâtés de lièvre, viandes blanches en sauce,  poissons grillés mais aussi coquilles St-Jacques, langoustines, fromages à pâte molle… A servir autour de 8°C.
Production: 6 000 bouteilles
";public://pictures/Collioure Blanc.png;Blanc

541;Cote d'heux;"Résultat de l’exploration permanente de notre terroir de Côte où une magnifique veine d’argile brune, à mi-pente, révèle pleinement le cépage Gros Manseng à pleine maturité. 

Un long élevage sur lies fines, avec bâtonnage en foudres de chêne, lui donne complexité, caractère et gras. 

Un blanc puissant et expressif, pour la table, qui peut accompagner tout un repas.
";public://pictures/Cote d heux.jpg;Blanc


542;Collioure Blanc 2013;"Terroir Le Vignoble du cru Collioure est situé à l’extrême sud de la France au point de rencontre entre Pyrénées et Méditerranée. Les vignes y sont implantées en terrasses sur des coteaux de schiste, du bord de mer jusqu’au fond des vallées de l’arrière pays. 
Cépages Grenache gris ......90% Grenache blanc .....10% Rendement moyen à l'hectare : 22hl
Vinification Vendanges manuelles. Tri à la parcelle et sur table de réception (seul le jus noble du «coeur de pressoir» a été sélectionné). Après un léger débourbage à froid, fermentation lente en demimuid de chêne neuf.
Élevage Conservation sur lies fines dans les mêmes pièces de bois parfaitement ouillées, batonnage régulier jusqu’en Janvier 2014.  Mise en bouteilles en Mars 2014.
Dégustation Robe ............Jaune or brillante. Nez .............À la fois puissant et subtil, sur des arômes  . . . . . . . . . . . . . . . . . de fruits à chair jaune dominants finement . . . . . . . . . . . . . . . . . mélés à des épices douces grillées, toastées  ..........................et vanillées. Bouche ..........D’une grande amplitude, tout en finesse, fraîcheur, matière et minéralité toastée. Le plaisir est long et intense. Alliances Gastronomiques Il s’accorde à des plats asiatiques, à de la morue à la vanille ou une blanquette de veau relevée. Il faut également le découvrir sur un fromage de chèvre frais.
";public://pictures/Collioure Blanc 2013.png;Blanc

543;La cuvée de Marie;"Philosophie de ce vin :
Nous avons voulu élaborer un vin différent des « standards » Languedociens, en proposant un vin droit, vif, frais et fruité. L’usage de cépages inhabituels, leur implantation sur des parcelles sélectionnées et nos techniques de culture et de vinification ont permis de réaliser ces objectifs en proposant un vin explosif aux arômes primaires de pamplemousse et de citron, et présentant une structure droite, équilibrée et complexe sur la finale.
 
Cépages : 45% Chenin- 45% Colombard - 10% Gros Manseng
Parcelles : « Villeraze » : Argilo-calcaire - « Cantaoussel » : Argilo-calcaire Blanc caillouteux - Densité : 6500 pieds / Ha
Taille : Guyot simple, 6 yeux
Vendange : Vendange nocture - Rendements : 75 Hl / ha - Triée - Neige carbonique à la parcelle
Pressurage : 0,8 bar - Séparation des jus
Vinification : Sous neige carbonique - cuves inox 300 Hl - Travail des premiers jus sous gaz inerte (azote) à 5°C - Stabulation à froid pendant 6 jours + débourbage - Fermentation à 15°C - Soutirage - Elevage sur lies fines (2 mois) - Pas de fermentation malo-lactique - Collage bentonite - Stabilisation tartrique (0°C) - Filtration
";public://pictures/La cuvee de Marie.jpg;Blanc

544;Les Amandiers;"Les Amandiers
Terroir : Schistes
Altitude : 150 à 350 mètres 
Superficie : 20 ha 
Production : 80 000 bouteilles
Cépages : 30% Carignan ; 30% Syrah ; 30% Grenache ; 10% Mourvèdre
Vinification : Vendanges manuelles, tri des grappes à l'arrivée à la cave. La vinification varie selon les cépages. Le Carignan est vinifié en macération carbonique : les raisins sont mis entiers en cuve, et sont laissés intacts pendant toute la durée de cuvaison (20 jours). Les Grenache, Mourvèdre et Syrah sont egrappés et travaillés de manière classique : remontages, délestages ou pigeages réguliers à 27 - 29°C.
Elevage : En cuve pendant 8 mois minimum.
Dégustation : " Les Amandiers " proviennent de jeunes vignes, aussi ils nous offrent des arômes de fruits rouges frais : groseille, fraise, cassis. Un vin de plaisir et de tendresse, d'une grande fraîcheur aromatique.
Evolution : A boire dans les 5 ans !
Gastronomie : Les Amandiers se marient bien avec la cuisine méditerranéenne : légumes farcis, poivrons marinés, grillades, …
";public://pictures/Les Amandiers.jpg;Rouge

545;Montmarin SAUVIGNON 2013;"IGP Côtes de Thongue
Notes de dégustation
Sa robe pale aux reflets verts offre un nez aux notes de buis légèrement citronné. La bouche, élégante, livre des arômes de pamplemousse rose et de buis citronnée.
Cépages
Sauvignon 100% 
Conditionnement
Bordelaise tradition – 75cl – bouchon ou vis
Accords
Idéal à l’apéritif, il accompagnera également les crustacés et poissons crus.
";public://pictures/Montmarin SAUVIGNON 2013.jpg;Blanc

546;Terres blanches;"Nous persévérons dans la recherche de l’expression minérale et florale de ce vin. Sélection de terroir calcaire et argiles blanches. Elevage de 8 mois sur lies fines avec bâtonnage. L’assemblage de 50 % Gros Manseng, 30 % Sauvignon et 20 % Ugni Blanc vieilles vignes permet de conserver une grande pureté aromatique avec de la vivacité et de la longueur en bouche. Ce vin cristallin s’exprime sur un nez de fleurs d’acacia, un superbe fruité de pêches sauvages et une finale minérale très fraîche.
";public://pictures/Terres blanches.jpg;Blanc

547;Terres salées;"Les Terres Salées

Elevage : 8 mois en barriques 
Cépage : Bourboulenc 
Vinification : à basses températures 
Service : 10° 
Garde : A boire dès maintenant 
Contenance : 75cl 
Appellation : VDP des Cotes de Pérignan - 2013
Attention, Grand Vin Blanc! Les Terres Salées de Christophe Barbier (Domaine de Simonet) est un Blanc de Gastronomie. Ses arômes d'agrumes  (pamplemousse...) et sa bouche saillante et droite, qui s'étire en longueur sur une finale saline, en font un partenaire de choix pour les produits de la mer. Les plus patients seront récompensés car, bien que très accessible de suite, il saura se montrer encore plus époustouflant de complexité après quelques années de cave.
";public://pictures/Terres salees.png;Blanc

548;Toques & Clochers Haute Vallée;"Ce Chardonnay est tout simplement éblouissant. Equilibré, avec des notes minérales, il fleure bon la proximité des Pyrénées. Une véritable œuvre d'art à classer parmi les très grands vins blancs.

Appellation :
AOC Limoux, Blanc
Cépage(s) :
Chardonnay
Millésime :
2011
Degré :
13 %
Terroir :
Haute vallée. Printemps tardif, automne frais. La maturité est tardive
Vinification :
Vinification et élevage en barriques
Elevage :
Barrique Chêne français 10 mois
Température 
de service :
14° C
Garde :
jusqu'à 8 ans

Dégustation
Œil :
Jaune or
Nez :
Floral (fleur blanche), assez discret pendant les 3 premières années
Bouche :
Belle harmonie, rondeur et acidité avec une finale d’une grande complexité
Le conseil du Sommelier :
Subtil, complexe, profond, minéral, fruité… une trame des plus flatteuses pour ce grand Chardonnay qui sera magnifique à l'apéritif et parfait avec les moules marinières, la raie aux câpres, le saumon aux asperges ou les gambas grillées.

Le commentaire de l'Œnologue :
Ce superbe Chardonnay est cultivé en altitude (> 300 m) avec de fortes amplitudes et une maturation tardive. Vinifié et élevé en barriques, les tanins du bois lui confèrent de la rondeur. La réussite est totale pour ce vin blanc qui peut se conserver quelques années.
";public://pictures/Toques et Clochers Haute Vallee.jpg;Blanc

549;CODE ROUGE;"DESCRIPTION Cette cuvée provient exclusivement des terroirs situés sur les climats océaniques de Limoux. Code Rouge est une ode à l’excellence et un hommage au Premier Brut du Monde élaboré par les Moines de l’Abbaye de Saint Hilaire près de Limoux. Blanc de Blancs issu de Chardonnay, de Chenin et de Mauzac, il offre une exceptionnelle expression du terroir d’altitude qui l’a vu naître, toute en finesse et en élégance. Ce Crémant porte tous les codes des vins Gérard Bertrand : l’emblématique couleur rouge de sa bouteille et les symboles Alpha et Omega, évoquant le cycle sans cesse renouvelé de la nature qui a inspiré sa désignation de Brut Eternel.
NOTES DE DEGUSTATION La robe est très pâle, presque cristalline avec des bulles fines. Le nez est floral et présente des notes de poires, d’agrumes et de fruits frais. La bouche est fraîche et minérale. Code Rouge est un Blanc de Blancs fin, élégant et raffiné.
VINIFICATION ET ELEVAGE Les vendanges sont manuelles et les raisins sont transportés à l'aide de comportes. Un pressurage direct est assuré avec un pressoir pneumatique qui permet une élimination des jus de presses par des extractions de 30 à 40 % de ceux-ci sans rebéchage. Un débourbage très soigné des jus est réalisé, puis une fermentation alcoolique est effectuée à température maitrisée de 18°C. Une fermentation malolactique peut être réalisée selon le millésime. Un assemblage très précis des divers terroirs et cépages est effectué avec une mise en bouteilles courant Janvier afin de favoriser une prise de mousse. L’élevage se fait sur lattes durant 12 mois minimum.
* ACCORD MET ET VIN * A découvrir à l’apéritif, sur des sushis, ou avec des poissons crémés, du fromage de chèvre frais et des salades de fruits frais parfumées au basilic.
";public://pictures/CODE ROUGE.jpg;Blanc

550;Première Bulle Premium;"Notes de dégustation : 
Une robe d’un joli jaune pâle aux reflets verts est rehaussée de bulles fines et persistantes à la mousse délicate. Le nez est un savant mélange entre les arômes variétaux, issus de la composition de l’assemblage, et les arômes secondaires, issus de l’élevage sur lies.
 Ce vin présente des arômes de fleurs blanches (aubépine et acacia) et de fruits à chair blanche (poire et pêche) qui évoluent ensuite vers des arômes de grillé, toasté, brioché, de beurré. 
En bouche, l’attaque est franche et vive avec une agréable sensation d’onctuosité apportée par les bulles. 
Par la suite les saveurs fruitées, briochées et beurrées emplissent la bouche et donnent de la longueur. L’ensemble est harmonieux, frais et d’une subtile élégance.
";public://pictures/Premiere Bulle Premium.jpg;Blanc

551;Première Bulle Rosé;"Première Bulle Rosé c’est le charme et l’élégance qui s’invitent à votre table…
Notes de dégustation :
Une belle robe d’un joli rose saumoné et une mousse aux bulles persistantes appellent un mélange complexe entre les arômes variétaux, des arômes de fruits à chair blanche (poire et pêche), ainsi qu’une légère note nectarine venant du pinot, qui évoluent ensuite vers des arômes de grillé, toasté, brioché, et apportent l’harmonie au bouquet par sa fraîcheur et sa vivacité. 
Une fois en bouche, la fraîcheur est caractérisée par une effervescence fine et soutenue par une belle acidité. 
Le vin est un mélange d’épices, de fruits à chair blanche ainsi que de notes de toasté et de grillé. La finale est longue et rafraîchissante.
";public://pictures/Premiere Bulle Rose.jpg;Rose

552;Champagne Bruno Paillar;"Brut Première Cuvée
Identité « Porte-drapeau » de notre maison, il doit rester absolument parfait dans les années fastes comme les années maigres, que la nature Champenoise se plaît à alterner… Notre charte de qualité pour y parvenir - utilisation exclusive de la première presse, la plus pure. - large palette de 32 crus vinifiés séparément (sous inox ou en barriques) offrant un choix permettant de réaliser un ASSEMBLAGE de grande qualité sur la durée. - équilibre subtil des cépages : 22 % de Pinot Meunier, 33 % de Chardonnay, 45 % de Pinot Noir. - inclusion systématique de vins de réserve : minimum 25 % et jusqu’à 48 % si besoin. - long vieillissement en bouteilles « sur lies » : jusqu’à 3 ans ou plus, soit au moins le double du minimum légal de 15 mois. - repos en cave d’au moins 3 à 4 mois après le dégorgement, dont la date figure « en clair » sur la contre-étiquette. Dosage Comme tous nos vins, notre Brut Première Cuvée est très peu dosé (de 8 à 9 grammes par litre), très authentique et pur. C’est un véritable Brut, pas un « Extra Dry ». Notes de dégustation Température conseillée environ 9 °C, verre à pied « tulipe ». Apéritif et repas. Œil : or paille brillant, teinte révélant l’usage exclusif de la première presse et le pourcentage important de Chardonnay. Perlage vif, bulle extrêmement fine.                                                                                                                                   Nez : frais et fruité, premiers arômes agrumes - citron vert, pamplemousse - typiques du Chardonnay. Suivis des arômes fruits rouges : groseille, framboise, griotte, révélant la forte présence du Pinot Noir. Liant de fruits plus suaves, voire exotiques du Pinot Meunier après quelques minutes d’aération. Bouche : attaque vive grâce au faible dosage respectant l’authenticité du vin. Minéralité crayeuse. Premières saveurs d’agrumes, d’amandes, de pain grillé… mais également de gelée de groseille puis de fruits noirs comme la cerise, la figue ou la mûre. Plénitude gourmande et belle longueur. Finale nette. À venir… Ces arômes et saveurs fruitées décrivent ce vin dans les premières années suivant son dégorgement. Convenablement stocké en cave fraîche, couché, à l’abri de la lumière, il évoluera vers des arômes plus floraux, puis épicés, vers le pain grillé et le confit au fil des ans, voire des décennies. Notes des critiques Le Figaro - Joël ROBUCHON : « Ce vin de Champagne, peu dosé en sucre, très équilibré, aux arômes subtils de noisette, est l’image d’un personnage exigeant, excellent connaisseur du terroir et des meilleurs crus. J’ai découvert des Vins d’une pureté remarquable et une Maison à taille humaine. Le Champagne à l’image d’un homme, nous avons lui et moi le même sens de la rigueur et de la perfection. » Hugh Johnson : « Petite mais prestigieuse maison de Champagne. » Gault & Millau 2008 : « Première Cuvée illustre une grande réussite. Il est vineux, au fruité très mûr et ample, rehaussé de notes d’agrumes, de fleurs blanches et de noisettes. La minéralité signe ce vin d’une rare élégance. » Robert Parker Guide : « High quality Champagne, refusing to compromise on quality. » Bettane et Desseauve 2008 : « Impeccable Brut non millésimé, à la fois vineux et apéritif : le vin a du corps et séduit par sa maturité. »
Champagne Bruno Paillard Brut Première Cuvée
";public://pictures/Dixsept-brut_premiere_cuvee.jpg;Blanc

553;Banyuls Blanc 2013;"Terroir Le Vignoble du cru Banyuls est situé à l’extrême sud de la France au point de rencontre entre Pyrénées et Méditerranée. Les vignes y sont implantées en terrasses sur des coteaux de schiste, du bord de mer jusqu’au fond des vallées de l’arrière pays.
Les vins de la gamme Cornet & Cie ont en commun une expression aromatique pure et intense. Les parcelles qui permettent d’élaborer cette cuvée sont sélectionnées avec une grande exigence et parce qu’elles présentent des caractéristiques comparables.  (altitude, ancienneté, nature du sol, potentiel phytosanitaire). Cépages Grenache gris ..........................70 % Grenache blanc ........................30 % Rendement moyen à l’hectare  ...........22hl Vinification : : équilibre demi-doux Vendange à la mi-septembre 2013. Macération pelliculaire de 4 heures sur le grenache blanc puis égouttage dynamique.  Le grenache gris est vinifié en pressurage direct. Débourbage à froid, levurage de la partie claire. Fermentation alcoolique à température régulée. Mutage sur l a partie liquide en type demi-doux. Élevage en milieu réducteur Sur lies fines en cuve ouillée. Mise en bouteilles en juin 2014 Dégustation Robe ..............D’une grande brillance, or-vert. Nez ...............Tout en finesse et élégance sur des arômes  . . . . . . . . . . . . . . . . . de fleurs d’amandiers entremélées à des   . . . . . . . . . . . . . . . . . notes de fruits à chair blanche, pêche, poire . . . . . . . . . . . . . . . . . william et de notes de miel d’acacia. Bouche ............Attaque souple, tout en fraîcheur sur des   ..................notes de pain d’épices et d’eau de vie de poire. . . . . . . . . . . . . . . . . . . . Bel équilibre et très belle persistance. Alliances Gastronomiques Ce vin séduisant et onctueux, à marier avec un foie gras frais toasté, vous accompagnera également sur un bleu des Causses affiné. Au dessert, tarte aux poires de circonstance... A déguster entre 8 - 12°C.
";public://pictures/Banyuls Blanc 2013.jpg;Blanc

554;Champagne Brut H.Blin;"ASSEMBLAGE :  
80% Meunier 
20% Chardonnay 
VINIFICATION :  
Dosage 7 g/l 
Dégorgé 3 mois minimum avant livraison 
Vieillissement : 24 mois minimum 
DÉGUSTATION :  
Visuel : Robé dorée. Fine effervescence. 
Nez :  Un premier nez qui tend vers des notes de fruits jaunes : pêche, abricot.  
Bouche : Gourmande, on retrouve les arômes présents au nez avec une fraîcheur, tout en équilibre. 
ACCORDS METS & VINS :  
Apéritif par excellence 
Gambas grillées 
Carpaccio de Saint-Jacques 
Viandes blanches 
« Fruité & Fraîcheur » 
RÉCOMPENSES :   
Concours Général Agricole 2013 : Argent 
Guide Hachette 2013 : 1 étoile 
Guide Gilbert et Gaillard 2015 : 83/100
";public://pictures/Champagne Brut HBlin.jpg;Blanc

555;Bulle gourmande;"Redécouvrez le tendresse naturelle d’un vin d’appellation d’origine contrôlée, élaborée selon la Méthode dite Ancestrale, gage de tradition et de savoir faire, appréciée des méridionaux depuis près de 5 siécles.

Appellation :
AOC Limoux, Méthode Ancestrale
Cépage(s) :
Mauzac
Degré : 
6 %
Vinification :
Méthode Ancestrale
Elevage :
Sur lattes 12 mois
Température 
de service :
6-7° C
Garde :
1 an

Dégustation 
Œil :
Robe dorée, de fines bulles et une mousse légère
Nez :
Parfums intenses de pomme reinette, d’épices douces et de fruits très mûrs
Bouche :
Un équilibre parfait entre le sucré et l'acidité
Le conseil du Sommelier :
Sa légèreté et sa fraîcheur conviennent à merveille pour conclure un bon repas avec une note délicate et sucrée en accompagnement de desserts chocolatés, de crèmes ou de tartes ou fruits. A déguster aussi en milieu de journée pour un moment de plaisir rafraîchissant.

Le commentaire de l'Œnologue :
La méthode ancestrale se traduit par une fermentation entièrement naturelle et une mise en bouteille à la vielle lune de mars dans la tradition de Limoux. Résultat, un produit naturel et original qui sera apprécié des jeunes amateurs.
";public://pictures/Bulle gourmande.jpg;Blanc


556;Champagne Laurent-Perrier Brut;"Fraîcheur, finesse, élégance

Avec sa composition marquée par un fort pourcentage de Chardonnay, le Laurent-Perrier Brut est la signature la plus représentative du style de la Maison.

Il réunit avec constance les qualités essentielles recherchées par Laurent-Perrier.
";public://pictures/Champagne Laurent-Perrier Brut.jpg;Blanc

557;Domaine de Barroubio Muscat Sec;"Muscat Sec

Elevage : En cuves
Cépage : Muscat petit grain
Vinification : Fermentation basse température
Service : 9°
Garde : 3 à 5 ans
Contenance : 75cl
Appellation : VDP d'Oc – 2012
Notes & Commentaires:

- Guide Bettane & Desseauve: 13,0 - Agréable muscat sec, aromatique, généreux en arômes. Un vin de copains destiné à une consommation sous la tonnelle, absolument apéritif.
";public://pictures/Domaine de Barroubio Muscat Sec.jpg;Blanc

558;Le clos des demoiselles;"Ce vin, millésime après millésime s’est taillé une belle réputation : profond tout en restant délicat avec des arômes subtils de fleurs blanches et fruits exotiques, sa bulle racée et vive vous permettent de le servir tout au long d’un repas sur des poissons, des viandes blanches, des desserts au chocolat. Sa bouteille originale (modèle original) fera de l’effet sur vos tables de réception.
 
Millesime actuel à la vente:
2011
 
Cépages :
60% Chardonnay, 25%Chenin et 15% Pinot Noir
";public://pictures/Le clos des demoiselles.jpg;Blanc


559;Le Moulin;"Arômes de fruits frais, de pomme verte avec une fin de bouche très nette. C’est un joli vin aérien dans sa texture avec beaucoup de fraîcheur. Idéal à l’apéritif.
 
Descriptif :
La Blanquette est l’A.O.C. traditionnelle du vignoble Limouxin
Cette cuvée est élaborée avec le cépage traditionnel ‘’Le Mauzac’’ qui a la particularité de voir se former un fin duvet blanc sur sa feuille, quand le vent souffle les vignes donnent l’impression d’être blanche d’où le nom de blanquette. Le Domaine J.Laurens a su travailler cette A.O.C. historique en apportant fraîcheur et délicatesse aux arômes de pomme verte, de fleurs d’acacia et d’abricots. Cette cuvée est parfaite à l’apéritif en accompagnement de toasts ou encore sur une verrine de pommes Granny Smith, avocats et saumon en entrée. 

Egalement disponible en ½ sec
 
Cépages :
90 % Mauzac, 10% Chardonnay
";public://pictures/Le moulin.jpg;Blanc

560;CREMANT ROSE N°7;"Descriptif :
Dernier né de la gamme, ce Crémant rosé vous séduira par sa couleur gourmande, ses arômes de fruits rouges et son équilibre parfait entre vinosité et vivacité. Essayez le avec des mets rosés : crevettes, saumon, tamara, tarte aux fruits rouges, fraises melba, … ou tout simplement à l’apéritif.
 
Cépage :
60 % Chardonnay, 25 % Chenin et 15 % Pinot Noir
";public://pictures/CREMANT ROSE N7.jpg;Rose

561;TERRES PRECIEUSES - NOTRE DAME DU QUATOURZE - NAUTICA;"Fiche technique du vins :
Appellation : AOC Coteaux du Languedoc-Quatourze 
Cépage : Grenache , Syrah , Mourvèdre 
Température de service : 16°-18°C 
Potentiel de garde : 1 à 3 ans 
Notes de dégustation :
Ce vin, à la robe grenat, possède un nez très expressif alliant des notes de fruits rouges et d’épices. L’ensemble est harmonieux associant finesse et élégance avec une finale sur des notes vanillées. 
Avis d'un œnologue
Robe grenat de belle densité
Nez présent, avec es notes de fruits noirs (mûres, cassis) et rouges (cerise)
Attaque souple et soyeuse, bonne évolution en bouche ; des arômes de fruits rouges à maturité. Suivent également des arômes cacaotés avec un final sur de subtiles notes poivrées.
Un peu d’amertume qui reste en fin de bouche, mais qui procure au vin de l’ampleur et de la longueur.
Accompagnement : Panna cotta parfumée aux baies roses, granité aux griottes, cerises de Provence pochées, crumble aux noix de cajou grillées 
";public://pictures/Nautica.jpg;Rouge

562;Anne-Marie et Jean-Marc Vincent Santenay 1er Cru Le Passetemps;"Présentation du vin
Le Santenay 1er cru rouge Le Passetemps est issu d’un terroir qui se situe entre le village et un autre 1er Cru, Les Gravières. Le sol est à dominante argilo-calcaire et, pour la plupart des millésimes, il donne un vin qui nécessite quelques années de garde pour adoucir ses tanins. A côté des autres 1ers Crus du domaine, Le Beaurepaire et Les Gravières, Le Passetemps est le moins facile d’accès dans sa jeunesse mais il vieillit très bien.
Son élevage dure 14 mois en fûts de chêne avec une proportion de 30 à 40 % de fûts neufs.
La robe de cette cuvée du domaine Anne-Marie et Jean-Marc Vincent a une couleur rouge profond assez prononcée, donnée par une extraction poussée. Le nez révèle des notes de fruits rouges confiturés, de fraise notamment, mais aussi de mûre et des notes florales, principalement de violette. La bouche est bien structurée et grasse, avec de l’acidité qui apporte une bonne fraicheur. Les tanins font preuve d’une certaine finesse et ils sont bien présents ce qui confèrera au vin une bonne garde d’une dizaine d’années.
";public://pictures/Passetemps.jpg;Rouge


